{"is_source_file": false, "format": "", "description": "", "external_files": [], "external_methods": [], "published": [], "classes": [], "methods": [], "calls": [], "search-terms": ["HTML", "Database Viewer", "Tables", "Database List", "Table Data", "Frontend UI", "JavaScript functions", "GET /api/databases", "GET /api/{db}/tables", "GET /api/{db}/tables/{table}/data"], "state": 2, "file_id": 4, "knowledge_revision": 11, "git_revision": "009947c98d45393377446236d3e46faa62339cb5", "hash": "ee63333a4841bf025439c755a74c9881", "format-version": 4, "code-base-name": "postgresql_database", "filename": "postgresql_database/db_visualizer/public/index.html", "revision_history": [{"11": "009947c98d45393377446236d3e46faa62339cb5"}]}