{"is_source_file": true, "format": "bash script", "description": "This script automates the restoration of various types of databases (SQLite, PostgreSQL, MySQL, MongoDB) from backup files, detecting the backup type and attempting to restore accordingly.", "external_files": ["database_backup.db", "database_backup.sql", "database_backup.archive"], "external_methods": ["ls", "cp", "sudo -u postgres pg_isready", "psql", "mysqladmin", "mysql", "mongosh", "mongorestore"], "published": [], "classes": [], "methods": [], "calls": ["ls /usr/lib/postgresql/", "sudo -u postgres pg_isready", "psql", "mysqladmin ping", "mysqladmin ping --socket=/var/run/mysqld/mysqld.sock", "mysql -h localhost -P ${DB_PORT} -u ${DB_USER} -p${DB_PASSWORD}", "mysql -h localhost -P ${DB_PORT} -u root -p${DB_PASSWORD}", "sudo mysql --socket=/var/run/mysqld/mysqld.sock", "mongosh --port ${DB_PORT} --eval \"db.adminCommand('ping')\"", "mongorestore --port ${DB_PORT} --archive=database_backup.archive --drop --quiet"], "search-terms": ["restore_db.sh", "database_restore", "PostgreSQL/MySQL restore", "MongoDB archive restore", "backup detection logic"], "state": 2, "file_id": 1, "knowledge_revision": 13, "git_revision": "009947c98d45393377446236d3e46faa62339cb5", "hash": "67505395c0df4c9c001ab8f47571f3fb", "format-version": 4, "code-base-name": "postgresql_database", "filename": "postgresql_database/restore_db.sh", "revision_history": [{"13": "009947c98d45393377446236d3e46faa62339cb5"}]}