{"is_source_file": false, "format": "", "description": "", "external_files": [], "external_methods": [], "published": [], "classes": [], "methods": [], "calls": [], "search-terms": [], "state": 2, "file_id": 3, "knowledge_revision": 10, "git_revision": "009947c98d45393377446236d3e46faa62339cb5", "hash": "0c9f36dfd1a6dee9fa952c06ab7d9563", "format-version": 4, "code-base-name": "postgresql_database", "filename": "postgresql_database/db_visualizer/package.json", "revision_history": [{"10": "009947c98d45393377446236d3e46faa62339cb5"}]}