{"is_source_file": true, "format": "bash", "description": "Shell script for automatically detecting and backing up various types of databases (SQLite, PostgreSQL, MySQL, MongoDB). It checks for the presence and status of a database, then performs the backup accordingly, saving the backup to a file.", "external_files": ["/usr/lib/postgresql/", "/var/run/mysqld/mysqld.sock"], "external_methods": ["pg_isready", "mysqladmin", "mysql", "mysqldump", "mongosh", "mongodump"], "published": [], "classes": [], "methods": [], "calls": ["ls", "echo", "cp", "exit", "sudo -u postgres pg_isready", "ls /usr/lib/postgresql/", "mongosh --port", "mongodump --port", "mysqladmin ping", "mysql -h", "mysql -P", "mysql -u", "mysql -p", "mysqldump", "sudo mysql --socket", "sudo mysqldump", "sudo mysql", "sudo mysqldump", "sudo mysql --socket"], "search-terms": ["backup", "database", "shell script", "detect database", "PostgreSQL backup", "MySQL backup", "SQLite backup", "MongoDB backup", "database dump", "automatic backup"], "state": 2, "file_id": 5, "knowledge_revision": 12, "git_revision": "009947c98d45393377446236d3e46faa62339cb5", "hash": "7af9aa35fa4940f934d83f6e2621b732", "format-version": 4, "code-base-name": "postgresql_database", "filename": "postgresql_database/backup_db.sh", "revision_history": [{"12": "009947c98d45393377446236d3e46faa62339cb5"}]}