{"is_source_file": true, "format": "shell script", "description": "A startup script for initializing, checking, and running a PostgreSQL database server with setup for database, user, permissions, and environment variables.", "external_files": ["/usr/lib/postgresql/${PG_VERSION}/bin/pg_isready", "/usr/lib/postgresql/${PG_VERSION}/bin/psql", "/usr/lib/postgresql/${PG_VERSION}/bin/initdb", "/usr/lib/postgresql/${PG_VERSION}/bin/postgres", "/usr/lib/postgresql/${PG_VERSION}/bin/createdb", "db_connection.txt", "db_visualizer/postgres.env"], "external_methods": ["ls", "sudo", "pgrep"], "published": ["DB_NAME", "DB_USER", "DB_PASSWORD", "DB_PORT"], "classes": [], "methods": [], "calls": ["ls /usr/lib/postgresql/", "sudo -u postgres pg_isready -p ${DB_PORT}", "sudo -u postgres psql -p ${DB_PORT} -d ${DB_NAME} -c '\\q'", "pgrep -f \"postgres.*-p ${DB_PORT}\"", "sudo -u postgres initdb -D /var/lib/postgresql/data", "sudo -u postgres postgres -D /var/lib/postgresql/data -p ${DB_PORT}", "sleep 5", "createdb -p ${DB_PORT} ${DB_NAME}", "sudo -u postgres psql -p ${DB_PORT} -d postgres << EOF ... EOF", "sudo -u postgres psql -p ${DB_PORT} -d ${DB_NAME} << EOF ... EOF", "cat > db_visualizer/postgres.env << EOF ... EOF", "echo 'psql postgresql://${DB_USER}:${DB_PASSWORD}@localhost:${DB_PORT}/${DB_NAME}' > db_connection.txt"], "search-terms": ["startup.sh", "PostgreSQL initialization", "database setup script", "PostgreSQL permissions", "pg_isready", "psql", "initdb", "postgres"], "state": 2, "file_id": 6, "knowledge_revision": 14, "git_revision": "009947c98d45393377446236d3e46faa62339cb5", "hash": "fa2aa67ea0a7c72f7c0958282f15a864", "format-version": 4, "code-base-name": "postgresql_database", "filename": "postgresql_database/startup.sh", "revision_history": [{"14": "009947c98d45393377446236d3e46faa62339cb5"}]}